
Name: B-4750-E-6406-001.dwg, Revision: 0R
Name: B-4750-E-6404-001.dwg, Revision: 0R
Name: B-4750-E-6402-001.dwg, Revision: 0R
Name: B-4750-E-6435-001.dwg, Revision: 0R
Name: B-4750-E-6405-001.dwg, Revision: 0R
Name: B-4750-E-6403-001.dwg, Revision: 0R
Name: B-4750-E-6401-001.dwg, Revision: 0R
Name: B-4750-E-6400-001.dwg, Revision: 0R
Name: B-4750-E-6399-001.dwg, Revision: 0R
Name: B-4750-E-6185-001.dwg, Revision: 0R
Name: B-4750-E-6398-001.dwg, Revision: 0R
Name: B-4750-E-6396-001.dwg, Revision: 0R
Name: B-4750-E-6395-001.dwg, Revision: 0R
Name: B-4750-E-6394-001.dwg, Revision: 0R
Name: B-4750-E-6161-001.dwg, Revision: 0R
Name: B-4750-E-6393-001.dwg, Revision: 0R
Name: B-4750-E-6162-001.dwg, Revision: 0R
Name: B-4750-E-6160-001.dwg, Revision: 0R
Name: B-4750-E-5731-1.dwg, Revision: 1R
Name: B-4750-E-5729-1.dwg, Revision: 1R
Name: B-4750-E-5465-1.dwg, Revision: 2R
Name: B-4750-E-5466-1.dwg, Revision: 2R
Name: B-4750-E-5457-1.dwg, Revision: 1R
Name: B-4750-E-5730-1.dwg, Revision: 1R
Name: B-4750-E-5455-1.dwg, Revision: 1R
Name: B-4750-E-5458-1.dwg, Revision: 1R
Name: B-4750-E-5456-1.dwg, Revision: 1R
Name: B-4750-E-5454-1.dwg, Revision: 1R
Name: B-4750-E-5453-1.dwg, Revision: 1R
Name: B-4750-E-5275-1.dwg, Revision: 2R
Name: B-4750-E-5179-1.dwg, Revision: 1R
Name: B-4750-E-5203-1.dwg, Revision: 1R
Name: B-4750-E-5204-1.dwg, Revision: 1R
Name: B-4750-E-5175-1.dwg, Revision: 1R
Name: B-4750-E-5202-1.dwg, Revision: 1R
Name: B-4750-E-5176-1.dwg, Revision: 1R
Name: B-4750-E-5173-1.dwg, Revision: 1R
Name: B-4750-E-5174-1.dwg, Revision: 1R
Name: B-4750-E-5172-1.dwg, Revision: 1R
Name: B-4750-E-5171-1.dwg, Revision: 1R
Name: B-4624-E-340.dwg, Revision: 2R
Name: B-4624-E-339.dwg, Revision: 2R
Name: B-4624-E-335.dwg, Revision: 2R
Name: B-4624-E-341.dwg, Revision: 2R
Name: B-4624-E-370.dwg, Revision: 3R
Name: B-4624-E-438-001.dwg, Revision: 0R
Name: B-4624-E-436-001.dwg, Revision: 0R
Name: B-4624-E-437-001.dwg, Revision: 0R
Name: B-4624-E-430-001.dwg, Revision: 0R
Name: B-4624-E-439-001.dwg, Revision: 0R
Name: B-4700-E-4678-1.dwg, Revision: 2R
Name: B-4700-E-4677-1.dwg, Revision: 2R
Name: B-4700-E-4675-1.dwg, Revision: 2R
Name: B-4700-E-4676-1.dwg, Revision: 2R
Name: B-4700-E-4674-1.dwg, Revision: 2R
Name: B-4700-E-5011-1.dwg, Revision: 1R
Name: B-4750-E-1876.dwg, Revision: 5R
Name: B-4750-E-1875.dwg, Revision: 7R
Name: B-4750-E-1874-2.dwg, Revision: 1R
Name: B-4750-E-1205.dwg, Revision: 4R
Name: B-4750-E-1869.dwg, Revision: 8R
Name: B-4750-E-1877.dwg, Revision: 10R
Name: B-4750-E-3093.dwg, Revision: 3R
Name: B-4750-E-3097-A1.dwg, Revision: 6R
Name: B-4750-E-3092.dwg, Revision: 3R
Name: B-4750-E-3064.dwg, Revision: 4R
Name: B-4750-E-3049.dwg, Revision: 4R
Name: B-4750-E-1870.dwg, Revision: 12R
Name: B-4750-E-4293.dwg, Revision: 2R
Name: B-4750-E-3423.dwg, Revision: 3R
Name: B-4750-E-4280-1.dwg, Revision: 3R
Name: B-4750-E-4277-1.dwg, Revision: 4R
Name: B-4750-E-4283-1.dwg, Revision: 3R
Name: B-4750-E-4277-2.dwg, Revision: 4R
Name: B-4750-E-4454.dwg, Revision: 2R
Name: B-4750-E-4453.dwg, Revision: 2R
Name: B-4750-E-4476.dwg, Revision: 3R
Name: B-4750-E-4434.dwg, Revision: 1R
Name: B-4750-E-4395.dwg, Revision: 0R
Name: B-4750-E-4628.dwg, Revision: 0R
Name: B-4750-E-4522.dwg, Revision: 3R
Name: B-4750-E-4520.dwg, Revision: 4R
Name: B-4750-E-4629.dwg, Revision: 0R
Name: B-4750-E-4944.dwg, Revision: 0R
Name: B-4750-E-4949.dwg, Revision: 2R
Name: B-4750-E-4630.dwg, Revision: 0R
Name: B-4750-E-4950.dwg, Revision: 2R
Name: B-4750-E-4959.dwg, Revision: 2R
Name: B-4750-E-4961.dwg, Revision: 2R
Name: B-4750-E-4960.dwg, Revision: 2R
Name: B-4750-E-4958.dwg, Revision: 2R
Name: B-4750-E-4957.dwg, Revision: 2R
Name: B-4750-E-4955.dwg, Revision: 3R
Name: B-4750-E-4956.dwg, Revision: 3R
Name: B-4750-E-4953.dwg, Revision: 3R
Name: B-4750-E-4954.dwg, Revision: 2R
Name: B-4750-E-5091.dwg, Revision: 3R
Name: B-4750-E-4951.dwg, Revision: 3R